KIDS_TILE,DMAG_R
KIDS_33.8_-31.2,0.02632109448313713
KIDS_228.0_-0.5,0.01787658780813217
KIDS_4.8_-34.1,0.009525995701551437
KIDS_237.0_-0.5,0.04037428647279739
KIDS_219.0_-0.5,0.01711046881973743
KIDS_175.0_-0.5,0.06491871923208237
KIDS_175.0_0.5,0.01698380708694458
KIDS_32.1_-33.1,0.03238724172115326
KIDS_185.0_0.5,0.008286075666546822
KIDS_17.5_-31.2,-0.01734592765569687
KIDS_51.3_-31.2,0.03102912940084934
KIDS_188.0_0.5,0.02827794663608074
KIDS_8.4_-34.1,-0.1432355493307114
KIDS_332.9_-32.1,-0.04532383009791374
KIDS_188.0_-0.5,0.02766286581754684
KIDS_353.0_-31.2,0.03987609595060349
KIDS_11.7_-31.2,0.0442575141787529
KIDS_1.2_-31.2,0.04476200416684151
KIDS_9.2_-30.2,-0.00389017164707183
KIDS_233.6_2.5,-0.1756795942783356
KIDS_222.0_0.5,-0.00369853153824806
KIDS_330.6_-32.1,0.03419236838817596
KIDS_192.0_0.5,-0.0655757486820221
KIDS_235.7_2.5,0.03134274482727051
KIDS_35.3_-32.1,0.0388634167611599
KIDS_132.4_2.5,0.0133232232183218
KIDS_50.0_-26.2,-0.01538227871060371
KIDS_212.0_1.5,0.04167904704809189
KIDS_343.2_-34.1,0.03257254511117935
KIDS_343.7_-31.2,0.02949535846710205
KIDS_228.0_-1.5,0.03630734980106354
KIDS_161.4_2.5,-0.00023914128541946
KIDS_341.8_-35.1,0.06070086359977722
KIDS_187.0_-1.5,0.04823734611272812
KIDS_347.3_-30.2,0.01578458584845066
KIDS_220.6_2.5,-0.00445043295621871
KIDS_354.0_-34.1,0.01972537115216255
KIDS_189.0_-0.5,0.04156434163451195
KIDS_18.6_-31.2,-0.05155772343277931
KIDS_224.0_0.5,0.01065796613693237
KIDS_49.2_-34.1,0.02253480814397335
KIDS_343.1_-28.2,0.01434073410928249
KIDS_44.0_-33.1,0.04527223855257034
KIDS_131.0_1.5,0.03051157295703888
KIDS_227.0_1.5,-0.03538795560598373
KIDS_331.2_-30.2,-0.03816056251525879
KIDS_349.3_-33.1,0.04352577030658722
KIDS_140.0_1.5,-0.03393709659576416
KIDS_2.4_-33.1,-0.05271827802062035
KIDS_342.7_-30.2,0.03578398004174232
KIDS_136.0_-0.5,0.04360082745552063
KIDS_235.0_1.5,-0.1042784154415131
KIDS_160.0_-0.5,-0.05973505601286888
KIDS_181.0_-0.5,0.02920029684901237
KIDS_203.0_0.5,-0.06581567227840424
KIDS_165.0_0.5,-0.01520589366555214
KIDS_167.5_-2.5,0.03360050916671753
KIDS_14.0_-31.2,0.01908857375383377
KIDS_207.0_0.5,0.02726158499717712
KIDS_168.5_2.5,-0.09004279971122742
KIDS_159.4_-2.5,-0.08799378573894501
KIDS_16.1_-30.2,0.001479439437389374
KIDS_192.5_2.5,-0.00450319424271583
KIDS_23.0_-30.2,0.03219542652368546
KIDS_168.0_-0.5,-0.00020082667469978
KIDS_211.0_0.5,-0.00802860409021377
KIDS_186.5_-2.5,-0.1877537071704865
KIDS_184.0_0.5,0.008425626903772354
KIDS_130.4_2.5,0.03727640956640244
KIDS_32.6_-31.2,0.03467792272567749
KIDS_51.6_-34.1,0.007051698863506317
KIDS_349.2_-34.1,0.02677756734192371
KIDS_161.4_-2.5,0.008765481412410736
KIDS_352.9_-33.1,0.03066523745656013
KIDS_195.0_-0.5,-0.07819569855928421
KIDS_357.6_-33.1,-0.01337284594774246
KIDS_18.1_-28.2,-0.2448736131191254
KIDS_16.5_-32.1,0.0293346680700779
KIDS_45.0_-35.1,0.00908331573009491
KIDS_334.2_-27.2,0.02634135447442532
KIDS_15.9_-29.2,-0.01543157175183296
KIDS_335.5_-31.2,0.02933795750141144
KIDS_182.5_-2.5,-0.04552941769361496
KIDS_331.5_-29.2,0.05188992619514465
KIDS_213.0_-0.5,0.03148313984274864
KIDS_229.0_-0.5,0.05197132378816605
KIDS_156.0_1.5,0.006695210933685303
KIDS_331.8_-28.2,0.01235061138868332
KIDS_235.0_-1.5,0.02734336256980896
KIDS_2.3_-29.2,-0.05713140219449997
KIDS_187.0_-0.5,-0.123858705163002
KIDS_332.0_-31.2,0.02227191254496574
KIDS_135.0_1.5,0.1261338144540787
KIDS_208.0_-1.5,0.04156007990241051
KIDS_238.0_-1.5,0.01387582346796989
KIDS_346.0_-31.2,0.03287770226597786
KIDS_16.3_-31.2,0.04454116523265839
KIDS_175.5_-2.5,0.03301966935396194
KIDS_131.0_-0.5,-0.00113596394658088
KIDS_4.8_-33.1,0.02169817313551903
KIDS_7.2_-34.1,0.00488654151558876
KIDS_236.0_-0.5,0.02858578041195869
KIDS_335.2_-28.2,0.01597472280263901
KIDS_188.0_1.5,0.02209034375846386
KIDS_233.0_0.5,0.0377335287630558
KIDS_343.0_-35.1,0.05340481549501419
KIDS_189.0_0.5,0.000390604138374328
KIDS_182.0_0.5,0.008136935532093048
KIDS_47.4_-28.2,0.004662074148654938
KIDS_8.2_-32.1,0.05783913284540176
KIDS_31.2_-34.1,0.01975993812084198
KIDS_52.7_-27.2,0.03284177184104919
KIDS_30.3_-31.2,0.05969643592834473
KIDS_23.9_-29.2,0.02736277133226395
KIDS_139.0_-0.5,0.03191270679235458
KIDS_169.0_-1.5,-0.02925968542695045
KIDS_36.1_-28.2,0.04551722854375839
KIDS_356.4_-34.1,-0.05150911211967468
KIDS_229.0_-1.5,0.01458356902003288
KIDS_332.4_-30.2,0.1049148589372635
KIDS_191.5_2.5,0.008884210139513016
KIDS_228.0_1.5,-0.03470629081130028
KIDS_45.6_-34.1,0.006007809191942215
KIDS_220.0_-0.5,0.03743298351764679
KIDS_189.0_1.5,-0.03260813653469086
KIDS_48.5_-28.2,0.1193002313375473
KIDS_11.4_-29.2,0.03942794352769852
KIDS_199.0_0.5,-0.06318863481283188
KIDS_225.0_-0.5,0.0118737667798996
KIDS_221.0_-0.5,0.03959172964096069
KIDS_336.7_-31.2,0.07926519215106964
KIDS_194.5_2.5,0.006665222346782684
KIDS_24.0_-34.1,0.04131195321679115
KIDS_25.1_-29.2,0.05631706118583679
KIDS_356.6_-29.2,0.0145043209195137
KIDS_222.6_2.5,0.01740613952279091
KIDS_129.4_2.5,0.03087399527430534
KIDS_185.5_-2.5,-0.0608045905828476
KIDS_44.4_-34.1,0.04850463196635246
KIDS_174.0_-0.5,0.03627082705497742
KIDS_165.0_-0.5,0.002707470208406448
KIDS_196.0_0.5,-0.300569474697113
KIDS_15.3_-32.1,0.04986423999071121
KIDS_8.3_-33.1,-0.08642873913049698
KIDS_333.2_-31.2,0.01885279268026352
KIDS_345.9_-32.1,0.04448806494474411
KIDS_187.0_0.5,0.001329917460680008
KIDS_181.0_-1.5,0.005834793671965599
KIDS_52.4_-29.2,0.01614607311785221
KIDS_228.6_2.5,-0.07011494040489197
KIDS_41.9_-31.2,0.02648394554853439
KIDS_336.0_-34.1,0.02420107647776604
KIDS_21.9_-30.2,0.05405711382627487
KIDS_206.0_-0.5,-0.01970170810818672
KIDS_40.8_-31.2,0.04192878305912018
KIDS_354.3_-29.2,0.02534542419016361
KIDS_342.2_-33.1,0.04604059457778931
KIDS_39.5_-28.2,0.000435296446084976
KIDS_19.2_-34.1,0.02945755049586296
KIDS_178.0_-1.5,-0.0030941218137741
KIDS_339.5_-29.2,0.03288982063531876
KIDS_227.0_-0.5,-0.01233997195959091
KIDS_10.3_-29.2,0.008122455328702927
KIDS_51.1_-35.1,-0.04496483504772186
KIDS_348.2_-32.1,0.04656617715954781
KIDS_45.9_-32.1,0.01832230389118195
KIDS_236.0_0.5,0.04465236887335777
KIDS_27.3_-29.2,0.0552244670689106
KIDS_40.8_-34.1,0.07344875484704971
KIDS_355.2_-34.1,-0.00535429641604423
KIDS_47.5_-33.1,0.0153866708278656
KIDS_191.0_1.5,-0.03991737961769104
KIDS_203.6_2.5,0.01439932733774185
KIDS_49.4_-32.1,0.05562234669923782
KIDS_179.0_-1.5,-0.04676013439893723
KIDS_14.4_-34.1,0.02234679460525513
KIDS_352.9_-32.1,0.05526448786258698
KIDS_329.4_-32.1,0.01488973386585712
KIDS_22.8_-29.2,0.04375483840703964
KIDS_16.9_-28.2,0.03449854254722595
KIDS_345.4_-35.1,0.06542952358722687
KIDS_3.6_-35.1,0.1200733482837677
KIDS_172.0_-0.5,0.003841803409159184
KIDS_45.1_-33.1,0.04687126725912094
KIDS_45.6_-26.2,-0.02545740082859993
KIDS_350.5_-33.1,-0.01502822712063789
KIDS_21.2_-32.1,-0.0042400024831295
KIDS_220.0_0.5,0.01974879950284958
KIDS_179.5_-2.5,0.002419784665107727
KIDS_329.7_-31.2,0.004846526309847832
KIDS_25.2_-34.1,-0.2914607524871826
KIDS_331.2_-34.1,-0.2253403961658478
KIDS_29.1_-31.2,0.05812889710068703
KIDS_337.0_-30.2,0.04988092929124832
KIDS_176.0_-1.5,-0.00479588285088539
KIDS_347.5_-29.2,0.03610950708389282
KIDS_194.0_-0.5,0.01040787063539028
KIDS_158.0_0.5,-0.0120198056101799
KIDS_159.0_-0.5,-0.05010929331183434
KIDS_358.8_-33.1,0.03170726448297501
KIDS_237.0_0.5,0.01460363902151585
KIDS_176.0_1.5,0.007700201123952866
KIDS_43.7_-30.2,0.01637880690395832
KIDS_40.0_-32.1,0.03222006186842918
KIDS_50.1_-31.2,-0.01533468067646027
KIDS_334.4_-31.2,0.04433776065707207
KIDS_177.5_-2.5,0.03326807916164398
KIDS_336.2_-33.1,0.02588078007102013
KIDS_184.0_1.5,0.00455571711063385
KIDS_215.0_0.5,0.04162205755710602
KIDS_199.6_2.5,0.01979253999888897
KIDS_158.4_-2.5,0.006828244775533676
KIDS_44.9_-30.2,0.01998120546340942
KIDS_186.0_-0.5,0.01292316801846027
KIDS_220.0_1.5,0.02677103318274021
KIDS_194.0_0.5,-0.06925305724143982
KIDS_350.7_-31.2,0.07765146344900131
KIDS_171.0_0.5,-0.05145192891359329
KIDS_161.0_-1.5,-0.0387769527733326
KIDS_0.0_-34.1,-0.04106485098600388
KIDS_218.6_-2.5,0.0196039080619812
KIDS_22.1_-31.2,-0.04232911020517349
KIDS_9.3_-31.2,0.04415256157517433
KIDS_219.0_-1.5,0.02834418974816799
KIDS_53.3_-26.2,-0.0106588788330555
KIDS_336.1_-29.2,0.04091668128967285
KIDS_18.8_-32.1,0.007189162075519562
KIDS_334.0_-28.2,0.1023282706737518
KIDS_340.4_-30.2,0.03473187237977982
KIDS_217.0_1.5,0.01167202368378639
KIDS_48.7_-33.1,0.05103069543838501
KIDS_168.0_0.5,0.04760397970676422
KIDS_202.0_1.5,0.02881602197885513
KIDS_330.4_-29.2,0.002324201166629791
KIDS_191.0_-0.5,-0.06974445283412933
KIDS_358.8_-34.1,0.01908895373344421
KIDS_4.6_-30.2,-0.00910143181681633
KIDS_41.8_-28.2,0.04618814587593079
KIDS_150.1_2.2,0.009470313787460327
KIDS_35.3_-29.2,0.03310001641511917
KIDS_180.0_-0.5,0.009962376207113266
KIDS_53.0_-28.2,0.04070928692817688
KIDS_9.5_-33.1,0.03573895245790482
KIDS_233.0_-1.5,0.01415037550032139
KIDS_136.0_1.5,0.02120386436581612
KIDS_41.0_-29.2,-0.08199885487556458
KIDS_225.0_-1.5,-0.07415343075990677
KIDS_355.2_-33.1,0.0274159237742424
KIDS_7.9_-28.2,0.03806357458233833
KIDS_17.8_-33.1,0.02760324627161026
KIDS_215.6_2.5,0.04338320717215538
KIDS_49.5_-30.2,-0.00362590141594409
KIDS_352.8_-34.1,-0.00934550538659095
KIDS_231.0_1.5,0.03866642341017723
KIDS_20.0_-32.1,0.02242006175220013
KIDS_5.8_-30.2,0.0252241175621748
KIDS_224.0_1.5,-0.00730782002210617
KIDS_30.6_-32.1,0.04155534505844116
KIDS_131.0_0.5,0.0520402193069458
KIDS_1.2_-30.2,0.02140218392014503
KIDS_46.3_-33.1,0.01783157698810101
KIDS_15.0_-30.2,0.05513439700007439
KIDS_0.0_-31.2,0.0157437976449728
KIDS_33.3_-33.1,0.03770909458398819
KIDS_208.0_1.5,-0.1350868344306946
KIDS_186.5_2.5,0.01190442219376564
KIDS_129.0_-1.5,0.01245644316077232
KIDS_135.0_-1.5,0.00789634883403778
KIDS_34.1_-32.1,0.06629656255245209
KIDS_223.6_2.5,0.002399332821369171
KIDS_338.4_-34.1,-0.01470346748828888
KIDS_348.7_-28.2,-0.07350218296051025
KIDS_39.6_-31.2,0.02818572893738747
KIDS_157.0_-0.5,0.01425703801214695
KIDS_19.4_-29.2,-0.04010890424251556
KIDS_137.0_-1.5,0.006123688071966171
KIDS_341.0_-33.1,0.06643356382846832
KIDS_48.3_-30.2,0.03362296894192696
KIDS_175.5_2.5,0.02999258227646351
KIDS_200.0_1.5,0.003732506185770035
KIDS_342.9_-29.2,-0.00823752954602241
KIDS_50.5_-27.2,0.002239234745502472
KIDS_232.0_0.5,0.05550861731171608
KIDS_352.1_-28.2,0.04440036416053772
KIDS_16.8_-34.1,0.03662458807229996
KIDS_141.0_-1.5,0.003164229914546013
KIDS_164.0_0.5,0.01938408613204956
KIDS_352.7_-35.1,0.03997374325990677
KIDS_51.1_-26.2,0.003339497372508049
KIDS_220.0_-1.5,0.01208107173442841
KIDS_220.6_-3.5,0.01500119268894196
KIDS_204.0_-0.5,0.000344624742865562
KIDS_215.0_-1.5,0.02262548729777336
KIDS_9.0_-28.2,0.03147983551025391
KIDS_201.0_1.5,0.02428759448230267
KIDS_197.0_-0.5,0.01275015622377396
KIDS_226.0_-1.5,0.01758624613285065
KIDS_3.5_-30.2,0.1003569662570953
KIDS_136.0_0.5,0.02629666402935982
KIDS_347.8_-35.1,0.03428386524319649
KIDS_193.5_2.5,-0.07012870907783508
KIDS_50.4_-34.1,0.05730757489800453
KIDS_138.4_2.5,0.04161477833986282
KIDS_188.5_2.5,0.02570636570453644
KIDS_353.2_-28.2,0.03722016513347626
KIDS_355.4_-29.2,0.01371203735470772
KIDS_193.0_-0.5,-0.04994835704565048
KIDS_48.6_-35.1,0.03219667822122574
KIDS_51.8_-30.2,0.01483885571360588
KIDS_34.5_-30.2,0.04970377683639526
KIDS_344.9_-31.2,0.02156574465334415
KIDS_0.0_-35.1,0.03018589317798615
KIDS_17.1_-29.2,0.04961405694484711
KIDS_158.0_1.5,-0.05625529587268829
KIDS_2.4_-32.1,0.02581240423023701
KIDS_237.7_2.5,0.02025742828845978
KIDS_338.1_-35.1,0.04633350297808647
KIDS_53.5_-35.1,0.007494140416383743
KIDS_134.0_-1.5,0.01102905347943306
KIDS_165.0_1.5,-0.05762451887130737
KIDS_135.4_2.5,0.03622563183307648
KIDS_21.6_-29.2,0.05889816582202911
KIDS_195.5_2.5,-0.06487080454826355
KIDS_348.5_-30.2,0.3658596873283386
KIDS_52.9_-32.1,0.02006098255515099
KIDS_35.6_-33.1,0.007993914186954498
KIDS_176.0_-0.5,0.03925219923257828
KIDS_32.7_-28.2,0.05084184184670448
KIDS_347.1_-32.1,0.02235161885619164
KIDS_222.0_-0.5,0.001975191757082939
KIDS_202.0_-0.5,0.01656991243362427
KIDS_235.0_0.5,0.0132744163274765
KIDS_52.3_-33.1,0.06214329600334167
KIDS_340.6_-29.2,-0.05155492201447487
KIDS_37.2_-34.1,0.000556137412786483
KIDS_45.6_-29.2,-0.1085016876459122
KIDS_346.6_-35.1,0.05131214484572411
KIDS_137.0_1.5,0.000245433300733566
KIDS_226.6_2.5,0.03298167511820793
KIDS_11.9_-33.1,0.03246700763702393
KIDS_46.0_-30.2,0.02925795316696167
KIDS_356.5_-31.2,0.02150790393352509
KIDS_215.6_-2.5,0.01298545114696026
KIDS_330.1_-30.2,0.06963767111301422
KIDS_138.0_1.5,-0.04078111052513123
KIDS_31.9_-29.2,0.005350540392100811
KIDS_342.5_-31.2,0.04521514102816582
KIDS_180.0_0.5,0.01653885096311569
KIDS_204.0_0.5,-0.06277760863304138
KIDS_158.4_2.5,0.05371639877557755
KIDS_164.0_-1.5,-0.03890103474259377
KIDS_136.0_-1.5,0.03131520003080368
KIDS_177.5_2.5,0.007217632606625557
KIDS_31.6_-28.2,0.02686312235891819
KIDS_41.6_-33.1,0.0308554470539093
KIDS_341.6_-30.2,0.04168049991130829
KIDS_183.0_0.5,-0.01456318795681
KIDS_336.3_-28.2,0.02527070790529251
KIDS_139.0_-1.5,0.03330038115382195
KIDS_37.6_-32.1,0.05134039744734764
KIDS_234.0_-0.5,0.01212930679321289
KIDS_140.4_2.5,0.01691490411758423
KIDS_138.0_-0.5,0.05618483573198318
KIDS_333.5_-30.2,0.013270303606987
KIDS_30.9_-33.1,-0.03773084282875061
KIDS_213.0_1.5,0.04065648466348648
KIDS_211.0_-1.5,0.02257782593369484
KIDS_134.0_-0.5,0.04061076045036316
KIDS_217.6_-2.5,0.1098452210426331
KIDS_214.0_0.5,0.0399194248020649
KIDS_211.0_-0.5,0.02481791749596596
KIDS_15.4_-33.1,-0.01993194781243801
KIDS_180.0_-1.5,0.0214324127882719
KIDS_211.6_-2.5,0.03637281060218811
KIDS_339.7_-28.2,0.02440770715475082
KIDS_0.0_-28.2,0.03957115113735199
KIDS_196.5_2.5,0.0105370469391346
KIDS_221.0_-1.5,0.007849261164665222
KIDS_216.0_-1.5,0.04517935216426849
KIDS_341.8_-29.2,0.03763582929968834
KIDS_4.5_-28.2,0.04813461005687714
KIDS_212.0_-1.5,-0.00165890529751777
KIDS_218.0_-1.5,0.0298636257648468
KIDS_174.0_1.5,0.04086482524871826
KIDS_38.0_-33.1,0.02576147019863129
KIDS_210.6_2.5,0.03059075772762299
KIDS_181.5_-2.5,0.04231908172369003
KIDS_47.1_-27.2,0.0365263931453228
KIDS_36.0_-34.1,0.02191956341266632
KIDS_178.0_1.5,0.03660418838262558
KIDS_210.6_-2.5,0.03990628570318222
KIDS_29.9_-30.2,0.08847499638795853
KIDS_338.6_-28.2,0.01999363675713539
KIDS_183.5_2.5,0.04162807017564774
KIDS_180.0_1.5,0.02588067203760147
KIDS_358.8_-32.1,0.02509762346744537
KIDS_195.0_0.5,-0.07540678232908249
KIDS_201.0_-0.5,0.02282283268868923
KIDS_26.5_-30.2,-0.00678255129605531
KIDS_12.8_-31.2,0.01976713538169861
KIDS_355.3_-31.2,0.02771437913179398
KIDS_358.8_-35.1,0.03405317664146423
KIDS_49.7_-28.2,0.1123790293931961
KIDS_206.6_-2.5,0.00693073496222496
KIDS_337.9_-31.2,0.01046743243932724
KIDS_22.6_-28.2,-0.0511767789721489
KIDS_7.0_-31.2,0.02541165798902512
KIDS_332.7_-29.2,0.02454213425517082
KIDS_349.6_-30.2,0.02328983694314957
KIDS_130.0_1.5,0.06060855463147163
KIDS_339.0_-31.2,0.01670105382800102
KIDS_357.7_-30.2,0.0556122213602066
KIDS_223.0_0.5,0.006763303652405739
KIDS_354.4_-28.2,0.03665290772914886
KIDS_2.3_-31.2,0.03155238181352615
KIDS_225.0_1.5,0.0279940590262413
KIDS_344.7_-32.1,0.04160569608211517
KIDS_181.0_0.5,-0.00526735931634903
KIDS_347.2_-31.2,0.02772072516381741
KIDS_214.0_-0.5,8.22171568870544e-05
KIDS_1.2_-35.1,0.1227318570017815
KIDS_212.6_-2.5,0.04164553433656693
KIDS_38.4_-31.2,0.0131231639534235
KIDS_190.0_1.5,-0.04005641862750053
KIDS_351.0_-28.2,-0.01135129295289516
KIDS_12.5_-29.2,-0.08090373873710632
KIDS_169.5_2.5,-0.0694669634103775
KIDS_175.0_1.5,0.03712621331214905
KIDS_43.3_-29.2,0.03709311410784721
KIDS_163.0_1.5,-0.04973620548844337
KIDS_173.0_-1.5,0.0176461860537529
KIDS_184.5_-2.5,-0.06618325412273407
KIDS_20.2_-33.1,0.1081301420927048
KIDS_157.0_1.5,0.03806339204311371
KIDS_132.0_1.5,0.03769160434603691
KIDS_5.7_-29.2,0.01210336200892925
KIDS_173.0_-0.5,0.03203821182250977
KIDS_208.0_0.5,-0.05946554243564606
KIDS_354.1_-32.1,0.02950416505336761
KIDS_159.0_0.5,0.04147107899188995
KIDS_11.3_-28.2,0.04285907372832298
KIDS_337.4_-28.2,0.02358196303248405
KIDS_52.2_-26.2,0.05163411796092987
KIDS_38.8_-32.1,0.02127541974186897
KIDS_4.6_-29.2,0.01169335097074509
KIDS_46.7_-29.2,0.03252207115292549
KIDS_13.7_-29.2,0.04528580605983734
KIDS_130.0_0.5,0.05507391691207886
KIDS_3.6_-34.1,0.09455493092536926
KIDS_172.0_0.5,-0.00263695046305656
KIDS_156.0_0.5,0.05221905559301376
KIDS_200.0_0.5,-0.05096889287233353
KIDS_26.2_-29.2,-0.07587336003780365
KIDS_5.8_-31.2,0.04637493565678596
KIDS_165.0_-1.5,0.002320192754268646
KIDS_3.5_-32.1,-0.02976757101714611
KIDS_168.0_1.5,-0.07330366224050522
KIDS_170.0_1.5,0.02220519632101059
KIDS_217.6_2.5,0.0313672237098217
KIDS_192.0_-0.5,-0.06382527947425842
KIDS_203.0_1.5,0.04405749589204788
KIDS_13.5_-28.2,-0.04377500712871552
KIDS_44.7_-32.1,0.03219763934612274
KIDS_342.4_-32.1,0.03839228302240372
KIDS_171.0_-0.5,0.02399937435984612
KIDS_337.4_-33.1,0.04383917897939682
KIDS_340.5_-35.1,0.002269119024276733
KIDS_174.5_2.5,-0.00022307038307189
KIDS_356.5_-32.1,0.02477683126926422
KIDS_344.1_-29.2,0.01934545300900936
KIDS_172.0_1.5,0.03079566732048988
KIDS_221.6_-3.5,0.02910295501351357
KIDS_163.0_0.5,0.01412311941385269
KIDS_216.6_-2.5,0.01872994378209114
KIDS_176.5_2.5,0.0134588573127985
KIDS_219.0_0.5,0.01680026203393936
KIDS_2.4_-35.1,0.04495222121477127
KIDS_36.1_-31.2,0.04072028771042824
KIDS_222.6_-2.5,0.001684499904513359
KIDS_10.8_-34.1,-0.09111884236335754
KIDS_345.3_-28.2,0.0495467521250248
KIDS_354.2_-30.2,-0.06930704414844513
KIDS_225.0_0.5,0.01331162825226784
KIDS_218.0_1.5,0.0347873717546463
KIDS_44.0_-28.2,0.04509525001049042
KIDS_174.0_-1.5,-0.06614099442958832
KIDS_333.6_-34.1,0.02618668600916862
KIDS_329.6_-35.1,0.04327932745218277
KIDS_357.6_-32.1,0.03710005432367325
KIDS_227.6_2.5,-0.01271345652639866
KIDS_349.1_-35.1,-0.08331786096096039
KIDS_169.0_-0.5,0.01044019311666489
KIDS_340.8_-28.2,0.02379082515835762
KIDS_133.0_-0.5,0.04253727942705154
KIDS_139.0_0.5,0.03109003603458405
KIDS_211.0_1.5,0.01532463729381561
KIDS_39.2_-33.1,0.01249118894338608
KIDS_356.4_-35.1,0.01403415948152542
KIDS_178.5_2.5,0.00410471111536026
KIDS_332.0_-35.1,0.05305228382349014
KIDS_10.5_-31.2,0.0203985832631588
KIDS_132.0_0.5,0.04320791363716125
KIDS_19.2_-28.2,-0.08890286087989807
KIDS_14.8_-29.2,0.03438013792037964
KIDS_18.2_-29.2,-0.2305132299661636
KIDS_27.6_-30.2,-0.01757817342877388
KIDS_176.5_-2.5,0.01123036816716194
KIDS_343.9_-30.2,0.02747086621820927
KIDS_229.0_0.5,-0.05782436951994896
KIDS_11.5_-30.2,0.03926005214452744
KIDS_167.0_-0.5,0.01393233984708786
KIDS_185.0_-1.5,-0.01252145878970623
KIDS_229.0_1.5,-0.01954121515154839
KIDS_161.0_-0.5,-0.04339475929737091
KIDS_216.0_-0.5,0.005766173824667931
KIDS_161.0_0.5,0.0187699943780899
KIDS_184.0_-0.5,0.01323240250349045
KIDS_218.0_-0.5,0.007713831961154938
KIDS_50.8_-28.2,0.05189306288957596
KIDS_224.6_2.5,0.0328499972820282
KIDS_339.6_-34.1,0.03315816074609756
KIDS_222.0_-1.5,0.007279850542545319
KIDS_214.6_2.5,0.01197976991534233
KIDS_42.0_-34.1,-0.03722743317484856
KIDS_33.4_-30.2,0.02991358935832977
KIDS_333.9_-33.1,0.09772675484418869
KIDS_334.9_-29.2,0.03922026976943016
KIDS_184.0_-1.5,-0.01681689731776714
KIDS_166.5_2.5,0.02833424136042595
KIDS_334.5_-35.1,0.04785627871751785
KIDS_358.9_-28.2,0.03439539298415184
KIDS_12.9_-32.1,-0.00165104307234287
KIDS_36.8_-33.1,-0.03168755397200584
KIDS_201.0_0.5,-0.0482705682516098
KIDS_4.7_-31.2,0.02079064771533012
KIDS_238.0_-0.5,0.02012787945568562
KIDS_225.6_2.5,-0.00367633253335952
KIDS_228.0_0.5,-0.02759499847888947
KIDS_351.8_-32.1,0.03842705860733986
KIDS_1.2_-32.1,0.04147933423519135
KIDS_132.0_-1.5,0.04111507534980774
KIDS_172.0_-1.5,-0.0049454141408205
KIDS_167.0_1.5,0.02973467111587524
KIDS_160.4_2.5,0.008127443492412567
KIDS_349.7_-29.2,-0.01383805274963379
KIDS_1.1_-28.2,0.03409238904714584
KIDS_231.0_0.5,0.03265298902988434
KIDS_13.1_-33.1,0.0346105769276619
KIDS_43.8_-35.1,0.0372810885310173
KIDS_6.9_-30.2,0.0633014664053917
KIDS_170.5_2.5,-0.09385481476783752
KIDS_173.0_1.5,0.02369044721126556
KIDS_237.0_1.5,0.010370172560215
KIDS_50.6_-32.1,0.01630587503314018
KIDS_334.1_-32.1,-0.04920876771211624
KIDS_180.5_-2.5,0.04008135572075844
KIDS_141.4_2.5,0.02231977507472038
KIDS_190.0_-0.5,0.000903643667697906
KIDS_21.6_-34.1,-0.00742706656455993
KIDS_9.4_-32.1,0.02344055101275444
KIDS_133.0_-1.5,-0.00449825450778007
KIDS_46.3_-28.2,0.05891793593764305
KIDS_48.0_-34.1,0.02975016459822655
KIDS_219.0_1.5,0.01580245047807693
KIDS_131.4_2.5,0.01000329293310642
KIDS_201.6_-2.5,-0.00758863985538482
KIDS_346.2_-30.2,0.008408373221755028
KIDS_48.9_-26.2,0.01080271601676941
KIDS_48.9_-31.2,0.02745096385478973
KIDS_223.6_-2.5,0.0316341295838356
KIDS_355.5_-28.2,0.007642298936843872
KIDS_24.5_-31.2,0.03412928432226181
KIDS_6.8_-29.2,0.05930203199386597
KIDS_137.0_0.5,0.01519892364740372
KIDS_172.5_-2.5,0.02565313503146172
KIDS_40.3_-30.2,0.02469839528203011
KIDS_1.2_-34.1,-0.04317191243171692
KIDS_44.3_-31.2,0.02291934564709663
KIDS_137.4_2.5,0.02022325992584229
KIDS_332.9_-28.2,0.01517697982490063
KIDS_28.8_-30.2,0.002339990809559822
KIDS_219.6_-2.5,0.04358875751495361
KIDS_204.0_-1.5,0.01901227235794067
KIDS_210.0_1.5,-0.052801214158535
KIDS_164.0_-0.5,0.008147886022925377
KIDS_21.4_-28.2,0.0286987666040659
KIDS_178.5_-2.5,-0.01951444149017334
KIDS_0.0_-29.2,-0.06109040230512619
KIDS_224.0_-0.5,0.04943471401929855
KIDS_159.4_2.5,0.03284142166376114
KIDS_47.8_-29.2,0.03602971881628036
KIDS_34.2_-29.2,0.03032157197594643
KIDS_40.4_-33.1,0.03953405097126961
KIDS_38.7_-29.2,0.1231067106127739
KIDS_209.6_2.5,0.02473616227507591
KIDS_12.4_-28.2,-0.08497212827205658
KIDS_341.4_-31.2,0.0271313488483429
KIDS_351.7_-33.1,0.0323416143655777
KIDS_353.2_-29.2,0.04946483671665192
KIDS_5.6_-28.2,0.0509372316300869
KIDS_47.8_-31.2,0.01321441680192947
KIDS_209.0_-0.5,-0.05575649440288544
KIDS_355.3_-32.1,0.02510212734341621
KIDS_215.0_1.5,0.03122007101774216
KIDS_34.5_-33.1,-0.00063119269907474
KIDS_41.4_-30.2,0.02878604829311371
KIDS_213.0_-1.5,0.02930729277431965
KIDS_183.0_-0.5,0.03050892613828182
KIDS_136.4_2.5,0.04791167005896568
KIDS_31.5_-31.2,0.0294056236743927
KIDS_20.7_-30.2,0.02553454041481018
KIDS_230.0_-1.5,0.01570119708776474
KIDS_8.0_-29.2,0.03378919512033463
KIDS_189.5_2.5,-0.1796120405197144
KIDS_135.0_0.5,0.0247696116566658
KIDS_172.5_2.5,0.009401798248291016
KIDS_345.6_-34.1,0.01619963347911835
KIDS_217.0_0.5,0.000170711427927017
KIDS_333.2_-35.1,-0.195290207862854
KIDS_29.4_-32.1,0.03437028080224991
KIDS_8.1_-30.2,0.04022638499736786
KIDS_41.2_-32.1,-0.00042575784027576
KIDS_20.5_-29.2,0.0179729275405407
KIDS_49.3_-27.2,0.005898572504520416
KIDS_2.4_-34.1,0.03117909096181393
KIDS_227.0_0.5,-0.04194274917244911
KIDS_169.0_0.5,0.04648701846599579
KIDS_3.5_-31.2,0.03518199548125267
KIDS_9.1_-29.2,0.01101468876004219
KIDS_24.7_-32.1,0.005968883633613586
KIDS_174.5_-2.5,-0.04323693364858627
KIDS_131.0_-1.5,0.05023286491632462
KIDS_21.4_-33.1,0.02812493965029716
KIDS_221.0_0.5,0.03059846162796021
KIDS_346.9_-33.1,-0.00506442971527576
KIDS_14.3_-33.1,0.06068567931652069
KIDS_230.0_1.5,0.02711345814168453
KIDS_350.4_-34.1,-0.01197507791221142
KIDS_0.0_-33.1,-0.01046290993690491
KIDS_170.0_-0.5,0.03153618425130844
KIDS_345.2_-29.2,0.04004879295825958
KIDS_354.2_-31.2,0.03837839514017105
KIDS_24.2_-30.2,-0.00175822153687477
KIDS_216.6_2.5,0.01938151754438877
KIDS_357.7_-31.2,0.03107946366071701
KIDS_12.7_-30.2,-0.02179852500557899
KIDS_141.0_1.5,0.04586351290345192
KIDS_198.6_2.5,0.009651236236095428
KIDS_43.5_-32.1,0.02567794173955917
KIDS_160.0_-1.5,-0.03549129515886307
KIDS_331.8_-32.1,0.01149054616689682
KIDS_183.0_-1.5,0.008953608572483063
KIDS_234.7_2.5,-0.015682028606534
KIDS_179.0_-0.5,0.001682788133621216
KIDS_236.0_-1.5,-0.07519853115081787
KIDS_157.0_0.5,-0.00522702932357788
KIDS_19.6_-30.2,-0.00216527096927166
KIDS_14.1_-32.1,0.01660396903753281
KIDS_338.1_-30.2,-0.01766177639365196
KIDS_167.5_2.5,0.02607670240104198
KIDS_221.6_-2.5,0.05182556062936783
KIDS_140.0_0.5,0.02964439243078232
KIDS_201.6_2.5,0.008670054376125336
KIDS_351.9_-30.2,0.03070995956659317
KIDS_166.0_1.5,0.02221382409334183
KIDS_212.6_2.5,0.009086024016141891
KIDS_158.0_-1.5,-0.03385523706674576
KIDS_8.2_-31.2,0.03524733334779739
KIDS_344.6_-33.1,0.01548099517822266
KIDS_357.6_-35.1,0.0335455983877182
KIDS_197.0_1.5,0.02764560654759407
KIDS_354.1_-33.1,-0.0090077556669712
KIDS_223.0_-1.5,0.01222071051597595
KIDS_348.6_-29.2,-0.0021834447979927
KIDS_190.5_2.5,-0.09290683269500732
KIDS_29.6_-29.2,0.1025271415710449
KIDS_18.0_-34.1,0.03379468619823456
KIDS_47.8_-26.2,0.04378331825137138
KIDS_231.0_-1.5,0.006962042301893234
KIDS_197.5_2.5,0.002276590093970299
KIDS_235.0_-0.5,0.02078993245959282
KIDS_169.5_-2.5,0.02530878037214279
KIDS_330.9_-31.2,0.03254666924476624
KIDS_205.0_-0.5,0.000896451063454151
KIDS_51.1_-33.1,0.04017788171768188
KIDS_351.5_-35.1,0.02546252869069576
KIDS_344.2_-35.1,0.06483209133148193
KIDS_340.8_-34.1,0.01854698918759823
KIDS_177.0_-0.5,0.04343992471694946
KIDS_200.6_-2.5,0.03523080050945282
KIDS_157.0_-1.5,-0.02220626920461655
KIDS_232.0_-0.5,0.04635827243328094
KIDS_49.9_-35.1,0.08620942384004593
KIDS_236.0_1.5,-0.0785129964351654
KIDS_21.0_-31.2,-0.04603687673807144
KIDS_141.0_-0.5,0.03835088759660721
KIDS_176.0_0.5,0.02182172425091267
KIDS_231.0_-0.5,0.02300221472978592
KIDS_42.8_-33.1,0.02151906862854958
KIDS_158.0_-0.5,0.00299970805644989
KIDS_350.8_-30.2,0.3692384362220764
KIDS_177.0_-1.5,0.01860731095075607
KIDS_198.0_1.5,0.04549789801239967
KIDS_351.8_-31.2,0.03826544806361198
KIDS_160.0_1.5,0.03984294459223747
KIDS_220.6_-2.5,0.03165054321289062
KIDS_22.6_-33.1,-0.1462139636278152
KIDS_205.0_-1.5,0.006632227450609207
KIDS_43.1_-31.2,-0.00618579238653183
KIDS_22.8_-34.1,0.05555451288819313
KIDS_42.6_-30.2,0.03970623016357422
KIDS_134.0_0.5,-0.03568194061517715
KIDS_49.9_-33.1,0.02531454712152481
KIDS_358.8_-30.2,0.02084041386842728
KIDS_14.7_-28.2,0.03486917167901993
KIDS_168.5_-2.5,0.1508892327547073
KIDS_51.9_-28.2,0.01067271456122398
KIDS_337.2_-29.2,0.009431479498744011
KIDS_182.0_-1.5,0.008509302511811256
KIDS_162.0_1.5,0.03319582343101501
KIDS_213.0_0.5,0.004644192755222321
KIDS_332.0_-27.2,0.03980899602174759
KIDS_212.0_0.5,0.007496103644371033
KIDS_51.3_-29.2,-0.03600955009460449
KIDS_207.0_-1.5,0.006393648684024811
KIDS_339.3_-30.2,0.03444906324148178
KIDS_187.0_1.5,0.02691522054374218
KIDS_209.0_-1.5,0.03096268512308598
KIDS_173.0_0.5,0.009470134973526001
KIDS_46.2_-35.1,0.04904843866825104
KIDS_205.6_2.5,0.006587903946638107
KIDS_335.3_-32.1,0.01979068666696548
KIDS_196.0_1.5,-1.351380705833435
KIDS_167.0_-1.5,-0.0269041396677494
KIDS_20.3_-28.2,0.03092087060213089
KIDS_138.0_-1.5,0.01022470183670521
KIDS_4.7_-32.1,0.04157336801290512
KIDS_138.0_0.5,-0.03851150721311569
KIDS_37.2_-28.2,-0.03692839294672012
KIDS_156.0_-1.5,-0.02722004801034927
KIDS_330.8_-35.1,0.008151620626449585
KIDS_339.3_-35.1,-0.6451178789138794
KIDS_19.8_-31.2,0.1093181669712067
KIDS_35.0_-31.2,0.02195656672120094
KIDS_19.0_-33.1,0.01503923535346985
KIDS_190.0_0.5,0.009026957675814629
KIDS_178.0_-0.5,-0.01648036390542984
KIDS_221.6_2.5,-0.00462793745100498
KIDS_338.4_-29.2,0.02826492488384247
KIDS_181.5_2.5,0.04640775173902512
KIDS_356.4_-33.1,0.02461161278188229
KIDS_182.0_-0.5,0.0156828947365284
KIDS_237.0_-1.5,0.008951440453529358
KIDS_0.0_-32.1,0.02373169362545013
KIDS_351.6_-34.1,0.01478500664234161
KIDS_0.0_-30.2,0.0218963697552681
KIDS_335.8_-30.2,0.04678314179182053
KIDS_184.5_2.5,0.03184247761964798
KIDS_343.4_-33.1,0.03326573222875595
KIDS_344.4_-34.1,0.03784504160284996
KIDS_345.0_-30.2,0.03896867483854294
KIDS_46.0_-27.2,0.03377340361475945
KIDS_1.2_-33.1,0.01758604869246483
KIDS_38.4_-34.1,0.02105470187962055
KIDS_1.1_-29.2,-0.00042382813990116
KIDS_28.8_-34.1,0.123009130358696
KIDS_214.6_-2.5,0.01595763117074966
KIDS_173.5_-2.5,0.002332471311092377
KIDS_234.0_-1.5,0.03392475470900536
KIDS_193.0_0.5,-0.06863665580749512
KIDS_200.0_-0.5,-0.06053399294614792
KIDS_216.0_1.5,0.009645100682973862
KIDS_210.0_-1.5,0.04560694843530655
KIDS_16.6_-33.1,0.1122753173112869
KIDS_178.0_0.5,-0.00223700888454914
KIDS_164.0_1.5,-0.05968178063631058
KIDS_230.0_-0.5,0.002311654388904572
KIDS_42.4_-32.1,0.02674532681703568
KIDS_52.9_-30.2,0.01853811740875244
KIDS_33.9_-28.2,0.009187877178192139
KIDS_159.0_-1.5,-0.04315051436424255
KIDS_337.2_-34.1,0.03047838062047958
KIDS_34.8_-34.1,0.03645223006606102
KIDS_129.0_-0.5,0.01977928727865219
KIDS_42.2_-29.2,0.03106559440493584
KIDS_357.6_-34.1,-0.05429839342832565
KIDS_186.0_-1.5,-0.03750325366854668
KIDS_20.4_-34.1,-0.04495353996753693
KIDS_206.0_1.5,0.03067856281995773
KIDS_2.3_-30.2,0.03567837923765182
KIDS_357.7_-29.2,0.007508344016969204
KIDS_204.6_-2.5,0.009845227003097534
KIDS_170.5_-2.5,0.03738316148519516
KIDS_198.0_-0.5,-0.00176538899540901
KIDS_204.0_1.5,-9.230151772499e-05
KIDS_32.4_-34.1,0.01350003853440285
KIDS_166.0_-0.5,0.009388048201799393
KIDS_230.0_0.5,0.038857601583004
KIDS_46.8_-34.1,0.04247868061065674
KIDS_167.0_0.5,-0.05194824934005737
KIDS_339.8_-33.1,0.03881580382585526
KIDS_223.0_1.5,0.03415229916572571
KIDS_212.0_-0.5,0.007500531151890755
KIDS_236.7_2.5,0.02568380907177925
KIDS_30.5_-28.2,-0.07396162301301956
KIDS_168.0_-1.5,-0.04491879418492317
KIDS_39.9_-29.2,0.0108683705329895
KIDS_218.6_2.5,0.01666522026062012
KIDS_50.1_-29.2,0.04178225249052048
KIDS_210.0_0.5,-0.05239197239279747
KIDS_209.0_1.5,-0.03973361477255821
KIDS_352.0_-29.2,0.01829712465405464
KIDS_51.6_-27.2,0.02898350358009338
KIDS_48.2_-32.1,0.02938229590654373
KIDS_162.0_-0.5,-0.05049216374754906
KIDS_5.9_-32.1,0.04759687185287476
KIDS_207.0_-0.5,-0.00139668583869934
KIDS_130.0_-0.5,0.03047491982579231
KIDS_53.5_-33.1,-0.00829237699508667
KIDS_47.4_-35.1,-0.07914742082357407
KIDS_162.0_0.5,0.04669518023729324
KIDS_134.4_2.5,-0.03333654999732971
KIDS_213.6_-2.5,0.05040010809898376
KIDS_355.4_-30.2,0.04474058374762535
KIDS_199.0_1.5,-0.00118639878928661
KIDS_179.5_2.5,0.01429141312837601
KIDS_37.3_-31.2,0.03745628148317337
KIDS_358.9_-29.2,0.04044889658689499
KIDS_39.1_-30.2,0.01437202654778957
KIDS_217.0_-0.5,-0.07809421420097351
KIDS_227.0_-1.5,0.00452018529176712
KIDS_232.6_2.5,-0.2311400771141052
KIDS_52.8_-34.1,0.0605994388461113
KIDS_47.2_-30.2,0.04194325953722
KIDS_186.0_1.5,0.03844543918967247
KIDS_334.8_-34.1,-0.2240061461925507
KIDS_224.0_-1.5,0.02150431275367737
KIDS_177.0_1.5,0.01815144531428814
KIDS_13.2_-34.1,0.03287868946790695
KIDS_330.8_-27.2,0.01153421029448509
KIDS_139.4_2.5,0.04945018887519836
KIDS_198.0_0.5,-0.01877877116203308
KIDS_208.0_-0.5,-0.04934068769216537
KIDS_350.9_-29.2,0.01458873227238655
KIDS_163.0_-1.5,-0.03313764184713364
KIDS_134.0_1.5,0.03575429320335388
KIDS_202.6_-2.5,-0.08228808641433716
KIDS_171.0_1.5,0.02754877135157585
KIDS_38.0_-30.2,0.03319396823644638
KIDS_52.4_-31.2,0.04286273568868637
KIDS_350.3_-35.1,0.01667490601539612
KIDS_217.0_-1.5,-0.00353454891592264
KIDS_156.0_-0.5,0.02674732357263565
KIDS_353.9_-35.1,0.03356044739484787
KIDS_36.8_-30.2,0.05673161149024963
KIDS_17.3_-30.2,0.0272832028567791
KIDS_132.0_-0.5,0.026507668197155
KIDS_133.0_0.5,0.01008332520723343
KIDS_209.0_0.5,-0.3274042010307312
KIDS_17.6_-32.1,0.01309649460017681
KIDS_133.0_1.5,0.01951901242136955
KIDS_180.5_2.5,0.003737799823284149
KIDS_45.4_-31.2,0.0292880367487669
KIDS_356.6_-28.2,0.0664789006114006
KIDS_182.0_1.5,0.04908910393714905
KIDS_183.0_1.5,0.007319816388189793
KIDS_53.5_-29.2,0.1138559207320213
KIDS_15.1_-31.2,0.1025055944919586
KIDS_141.0_0.5,0.0101466178894043
KIDS_205.0_1.5,-0.08137907087802887
KIDS_30.0_-34.1,0.0684480369091034
KIDS_139.0_1.5,0.05418664962053299
KIDS_36.5_-32.1,0.03092917427420616
KIDS_52.3_-35.1,0.03854089230298996
KIDS_185.5_2.5,0.002310730516910553
KIDS_232.0_-1.5,0.02683880180120468
KIDS_37.6_-29.2,0.01211423426866531
KIDS_346.8_-34.1,0.02525624632835388
KIDS_234.0_1.5,-0.09971174597740173
KIDS_3.4_-29.2,0.04633235931396484
KIDS_133.4_2.5,0.01391611061990261
KIDS_331.5_-33.1,0.02867163717746735
KIDS_226.0_-0.5,0.006241075694561005
KIDS_13.8_-30.2,0.03434423729777336
KIDS_33.6_-34.1,0.02441208623349667
KIDS_194.0_1.5,0.02916130609810352
KIDS_6.8_-28.2,0.05464485287666321
KIDS_349.4_-32.1,0.02462882548570633
KIDS_187.5_2.5,0.02276719734072685
KIDS_40.6_-28.2,0.03347843885421753
KIDS_161.0_1.5,0.01645491644740105
KIDS_342.0_-34.1,-0.01793801411986351
KIDS_223.0_-0.5,0.0129438042640686
KIDS_338.6_-33.1,0.03036213666200638
KIDS_32.2_-30.2,0.0372619517147541
KIDS_355.1_-35.1,0.02339555323123932
KIDS_15.8_-28.2,0.03095090389251709
KIDS_348.3_-31.2,0.05170761048793793
KIDS_187.5_-2.5,-0.05768327414989471
KIDS_207.0_1.5,-0.03735864162445068
KIDS_186.0_0.5,0.0129653587937355
KIDS_233.0_-0.5,0.01890714839100838
KIDS_31.8_-32.1,0.0354960560798645
KIDS_129.0_0.5,0.04366797208786011
KIDS_129.0_1.5,0.0292698573321104
KIDS_169.0_1.5,0.03250239044427872
KIDS_44.9_-27.2,0.01393453031778336
KIDS_191.0_0.5,0.006459588184952736
KIDS_203.0_-0.5,-0.03464236110448837
KIDS_334.7_-30.2,-0.05441635102033615
KIDS_348.0_-34.1,0.0272530522197485
KIDS_47.1_-32.1,0.04489614069461823
KIDS_353.1_-30.2,0.007070679217576981
KIDS_329.7_-27.2,0.05314180254936218
KIDS_226.0_1.5,-0.1044898852705956
KIDS_349.5_-31.2,0.02944726683199406
KIDS_179.0_0.5,0.007510125637054443
KIDS_346.3_-29.2,0.04624152183532715
KIDS_358.8_-31.2,0.01836799643933773
KIDS_137.0_-0.5,0.01828132197260857
KIDS_219.6_2.5,0.04196436703205109
KIDS_332.7_-33.1,0.05018290877342224
KIDS_349.8_-28.2,0.06470976769924164
KIDS_160.0_0.5,-0.06764689087867737
KIDS_157.4_2.5,-0.06136918067932129
KIDS_232.0_1.5,0.01874375529587269
KIDS_181.0_1.5,-0.00186612829566001
KIDS_15.6_-34.1,0.02828121930360794
KIDS_140.0_-1.5,0.03499063849449158
KIDS_159.0_1.5,0.02871084585785866
KIDS_192.0_1.5,-0.04925882071256638
KIDS_213.6_2.5,0.02866008132696152
KIDS_199.0_-0.5,1.36531889438629e-05
KIDS_233.0_1.5,0.0418572835624218
KIDS_221.0_1.5,0.00758250430226326
KIDS_332.4_-34.1,0.0206458680331707
KIDS_206.0_0.5,0.02519044652581215
KIDS_346.5_-28.2,0.02451884001493454
KIDS_193.0_1.5,-0.03902758285403252
KIDS_330.0_-34.1,0.01666256040334702
KIDS_25.3_-30.2,0.02942939475178719
KIDS_218.0_0.5,0.005294376984238625
KIDS_348.1_-33.1,-0.01878289133310318
KIDS_197.0_0.5,-0.00504697859287262
KIDS_200.6_2.5,0.02475236728787422
KIDS_238.0_0.5,0.01829590648412704
KIDS_182.5_2.5,0.03124673664569855
KIDS_185.0_1.5,0.04280879348516464
KIDS_345.7_-33.1,0.03570457547903061
KIDS_329.5_-28.2,0.03333334624767303
KIDS_45.1_-28.2,-0.04940042272210121
KIDS_234.0_0.5,0.02069977857172489
KIDS_216.0_0.5,0.01758495345711708
KIDS_230.6_2.5,0.02863273769617081
KIDS_336.5_-32.1,0.03617613762617111
KIDS_10.6_-32.1,-0.01148704718798399
KIDS_226.0_0.5,0.03440012410283089
KIDS_211.6_2.5,0.01296629011631012
KIDS_50.6_-30.2,0.05632705986499786
KIDS_171.5_-2.5,0.02308051288127899
KIDS_157.4_-2.5,-0.00454119592905044
KIDS_333.8_-29.2,-0.01319680362939835
KIDS_336.9_-35.1,0.05134104937314987
KIDS_231.6_2.5,0.01021089404821396
KIDS_222.0_1.5,-0.1054458618164062
KIDS_46.6_-31.2,0.01335413753986359
KIDS_46.7_-26.2,0.03941366821527481
KIDS_166.0_0.5,-0.0495128370821476
KIDS_18.4_-30.2,0.03025757148861885
KIDS_3.6_-33.1,0.01810191571712494
KIDS_174.0_0.5,0.02309703081846237
KIDS_32.9_-32.1,0.04080822318792343
KIDS_224.6_-2.5,0.009351043030619621
KIDS_179.0_1.5,-0.00129714608192443
KIDS_335.0_-33.1,0.003949813544750214
KIDS_215.0_-0.5,0.02414180524647236
KIDS_10.7_-33.1,0.02405934035778046
KIDS_337.6_-32.1,0.01506127044558525
KIDS_335.7_-35.1,-0.04460830986499786
KIDS_341.2_-32.1,0.03358551114797592
KIDS_350.6_-32.1,-0.00121419876813888
KIDS_7.1_-32.1,0.02368903532624245
KIDS_170.0_0.5,0.003698274493217468
KIDS_135.0_-0.5,0.04045343026518822
KIDS_177.0_0.5,0.0116557814180851
KIDS_12.0_-34.1,-0.08466198295354843
KIDS_43.2_-34.1,0.02301178872585297
KIDS_140.0_-0.5,0.05164852738380432
KIDS_130.0_-1.5,0.02950245887041092
KIDS_202.6_2.5,0.0353650227189064
KIDS_6.0_-34.1,-0.00568012148141861
KIDS_175.0_-1.5,0.01626768335700035
KIDS_5.9_-33.1,0.03913664445281029
KIDS_29.7_-33.1,0.06467442214488983
KIDS_185.0_-0.5,-0.02038008533418179
KIDS_214.0_1.5,0.006251297891139984
KIDS_330.3_-33.1,0.0440693274140358
KIDS_183.5_-2.5,-0.05728137493133545
KIDS_337.6_-27.2,-0.07435649633407593
KIDS_214.0_-1.5,0.004638254642486572
KIDS_196.0_-0.5,-0.06054995954036713
KIDS_173.5_2.5,0.000317513942718505
KIDS_163.0_-0.5,-0.04733167961239815
KIDS_238.0_1.5,-0.01578695327043533
KIDS_51.8_-32.1,0.05513348430395126
KIDS_206.0_-1.5,0.02583996020257473
